{
  "roic_history": {
    "years": [
      2021,
      2022,
      2023,
      2024,
      2025
    ],
    "roic_values": [
      0.5233617012022259,
      0.5251461430991233,
      0.5566065579014748,
      0.5275044006998572,
      0.7077493264364005
    ],
    "nopat_values": [
      94456319832.97774,
      100082877097.97401,
      97476836665.61159,
      93531805288.09167,
      112280891892.50276
    ],
    "invested_capital_values": [
      180480000000.0,
      190581000000.0,
      175127000000.0,
      177310000000.0,
      158645000000.0
    ]
  },
  "cache_date": "2025-12-04T14:41:31.081880",
  "ticker": "AAPL",
  "wacc_components": {
    "cost_of_equity": 0.095,
    "cost_of_debt": 0.05,
    "tax_rate": 0.15610002335586043,
    "debt_ratio": 0.6009110021023125,
    "equity_ratio": 0.3990889978976875,
    "total_debt": 85750000000.0,
    "total_equity": 56950000000.0,
    "risk_free_rate": 0.04,
    "beta": 1.0,
    "market_risk_premium": 0.055
  },
  "spread_result": {
    "current_spread": 0.6444804326041529,
    "spread_history": [
      0.4600928073699782,
      0.4618772492668756,
      0.49333766406922713,
      0.46423550686760945,
      0.6444804326041529
    ],
    "years": [
      2021,
      2022,
      2023,
      2024,
      2025
    ],
    "spread_trend": "improving",
    "durability_assessment": "strong",
    "roic_data": {
      "years": [
        2021,
        2022,
        2023,
        2024,
        2025
      ],
      "roic_values": [
        0.5233617012022259,
        0.5251461430991233,
        0.5566065579014748,
        0.5275044006998572,
        0.7077493264364005
      ],
      "nopat_values": [
        94456319832.97774,
        100082877097.97401,
        97476836665.61159,
        93531805288.09167,
        112280891892.50276
      ],
      "invested_capital_values": [
        180480000000.0,
        190581000000.0,
        175127000000.0,
        177310000000.0,
        158645000000.0
      ]
    },
    "wacc_result": {
      "baseline_wacc": 0.06326889383224771,
      "scenarios": {
        "base": 0.06326889383224771,
        "pessimistic": 0.06725978381122459,
        "optimistic": 0.05927800385327083
      },
      "components_breakdown": {
        "cost_of_equity": 0.095,
        "cost_of_debt": 0.05,
        "tax_rate": 0.15610002335586043,
        "debt_ratio": 0.6009110021023125,
        "equity_ratio": 0.3990889978976875,
        "total_debt": 85750000000.0,
        "total_equity": 56950000000.0,
        "risk_free_rate": 0.04,
        "beta": 1.0,
        "market_risk_premium": 0.055
      }
    }
  }
}