{
  "roic_history": {
    "years": [
      2021,
      2022,
      2023,
      2024,
      2025
    ],
    "roic_values": [
      0.15348018285498846,
      0.2791187986391491,
      0.22960109500837764,
      0.26476844003928296,
      0.3167087096929983
    ],
    "nopat_values": [
      32566960000.0,
      65960517138.007805,
      62926542507.85105,
      72569057888.16687,
      93913633685.26479
    ],
    "invested_capital_values": [
      212190000000.0,
      236317000000.0,
      274069000000.0,
      274085000000.0,
      296530000000.0
    ]
  },
  "cache_date": "2025-12-01T08:39:07.221857",
  "ticker": "GOOGL",
  "wacc_components": {
    "cost_of_equity": 0.095,
    "cost_of_debt": 0.05,
    "tax_rate": 0.16439510912657013,
    "debt_ratio": 0.0,
    "equity_ratio": 1.0,
    "total_debt": 0,
    "total_equity": 283379000000.0,
    "risk_free_rate": 0.04,
    "beta": 1.0,
    "market_risk_premium": 0.055
  },
  "spread_result": {
    "current_spread": 0.2217087096929983,
    "spread_history": [
      0.05848018285498846,
      0.18411879863914912,
      0.13460109500837764,
      0.16976844003928296,
      0.2217087096929983
    ],
    "years": [
      2021,
      2022,
      2023,
      2024,
      2025
    ],
    "spread_trend": "improving",
    "durability_assessment": "strong",
    "roic_data": {
      "years": [
        2021,
        2022,
        2023,
        2024,
        2025
      ],
      "roic_values": [
        0.15348018285498846,
        0.2791187986391491,
        0.22960109500837764,
        0.26476844003928296,
        0.3167087096929983
      ],
      "nopat_values": [
        32566960000.0,
        65960517138.007805,
        62926542507.85105,
        72569057888.16687,
        93913633685.26479
      ],
      "invested_capital_values": [
        212190000000.0,
        236317000000.0,
        274069000000.0,
        274085000000.0,
        296530000000.0
      ]
    },
    "wacc_result": {
      "baseline_wacc": 0.095,
      "scenarios": {
        "base": 0.095,
        "pessimistic": 0.10500000000000001,
        "optimistic": 0.08499999999999999
      },
      "components_breakdown": {
        "cost_of_equity": 0.095,
        "cost_of_debt": 0.05,
        "tax_rate": 0.16439510912657013,
        "debt_ratio": 0.0,
        "equity_ratio": 1.0,
        "total_debt": 0,
        "total_equity": 283379000000.0,
        "risk_free_rate": 0.04,
        "beta": 1.0,
        "market_risk_premium": 0.055
      }
    }
  }
}