{
  "roic_history": {
    "years": [
      2021,
      2022,
      2023,
      2024,
      2025
    ],
    "roic_values": [
      0.25639382615759543,
      0.3137691429398889,
      0.28035567616786433,
      0.32762496151623904,
      0.28724874280875273
    ],
    "nopat_values": [
      55233640000.0,
      72448667566.53447,
      71722551566.99623,
      89481912364.19975,
      105868971147.07953
    ],
    "invested_capital_values": [
      215425000000.0,
      230898000000.0,
      255827000000.0,
      273123000000.0,
      368562000000.0
    ]
  },
  "cache_date": "2025-12-04T14:41:31.082522",
  "ticker": "MSFT",
  "wacc_components": {
    "cost_of_equity": 0.095,
    "cost_of_debt": 0.05,
    "tax_rate": 0.17629644009803683,
    "debt_ratio": 0.13718766570790417,
    "equity_ratio": 0.8628123342920958,
    "total_debt": 42688000000.0,
    "total_equity": 268477000000.0,
    "risk_free_rate": 0.04,
    "beta": 1.0,
    "market_risk_premium": 0.055
  },
  "spread_result": {
    "current_spread": 0.19963147262009157,
    "spread_history": [
      0.16877655596893426,
      0.22615187275122772,
      0.19273840597920316,
      0.24000769132757788,
      0.19963147262009157
    ],
    "years": [
      2021,
      2022,
      2023,
      2024,
      2025
    ],
    "spread_trend": "stable",
    "durability_assessment": "uncertain",
    "roic_data": {
      "years": [
        2021,
        2022,
        2023,
        2024,
        2025
      ],
      "roic_values": [
        0.25639382615759543,
        0.3137691429398889,
        0.28035567616786433,
        0.32762496151623904,
        0.28724874280875273
      ],
      "nopat_values": [
        55233640000.0,
        72448667566.53447,
        71722551566.99623,
        89481912364.19975,
        105868971147.07953
      ],
      "invested_capital_values": [
        215425000000.0,
        230898000000.0,
        255827000000.0,
        273123000000.0,
        368562000000.0
      ]
    },
    "wacc_result": {
      "baseline_wacc": 0.08761727018866117,
      "scenarios": {
        "base": 0.08761727018866117,
        "pessimistic": 0.09624539353158212,
        "optimistic": 0.0789891468457402
      },
      "components_breakdown": {
        "cost_of_equity": 0.095,
        "cost_of_debt": 0.05,
        "tax_rate": 0.17629644009803683,
        "debt_ratio": 0.13718766570790417,
        "equity_ratio": 0.8628123342920958,
        "total_debt": 42688000000.0,
        "total_equity": 268477000000.0,
        "risk_free_rate": 0.04,
        "beta": 1.0,
        "market_risk_premium": 0.055
      }
    }
  }
}